[
    [
        {
            "start": "9:30",
            "end": "11:10",
            "groups": [
                {
                    "name": "История",
                    "room": 310
                },
                {
                    "name": "История",
                    "room": 310
                }
            ]
        }, {
            "start": "12:30",
            "end": "14:10",
            "groups": [
                {
                    "name": "Политех"
                },
                {
                    "name": "Политех"
                }
            ]
        }, {
            "start": "14:25",
            "end": "16:05",
            "groups": [
                {
                    "name": "Естествознание",
                    "room": 310
                },
                {
                    "name": "Естествознание",
                    "room": 310
                }
            ]
        }, {
            "start": "16:20",
            "end": "18:00",
            "groups": [
                {
                    "name": "Высшая математика",
                    "room": 310
                },
                {
                    "name": "Высшая математика",
                    "room": 310
                }
            ]
        }, {
            "start": "18:50",
            "end": "20:30",
            "groups": [
                {
                    "name": "Основы программирования",
                    "room": 310
                },
                {
                    "name": "Основы программирования",
                    "room": 310
                }
            ]
        }
    ],[
        {
            "start": "8:00",
            "end": "9:40",
            "groups": [
                {
                    "name": "Коммуникации",
                    "room": 322
                },
                {
                    "name": "Основы программирования",
                    "room": 224,
                    "type": "Лабораторная"
                }
            ]
        }, {
            "start": "9:55",
            "end": "11:35",
            "groups": [
                {
                    "name": "Основы программирования",
                    "room": 224,
                    "type": "Лабораторная"
                },
                {
                    "name": "Ассемблер",
                    "room": 109
                }
            ]
        }, {
            "start": "12:30",
            "end": "14:10",
            "groups": [
                {
                    "name": "Высшая математика",
                    "room": 320,
                    "type": "Лабораторная"
                },
                {
                    "name": "Ассемблер",
                    "room": 109
                }
            ]
        }, {
            "start": "14:25",
            "end": "16:05",
            "groups": [
                {
                    "name": "Физкультура с Легендой",
                    "room": 310
                },
                {
                    "name": "Физкультура с Легендой",
                    "room": 310
                }
            ]
        }
    ],[
        {
            "start": "8:00",
            "end": "9:40",
            "groups": [
                {
                    "name": "Физика",
                    "room": 220
                },
                {
                    "name": "Физика",
                    "room": 220
                }
            ]
        }, {
            "start": "9:55",
            "end": "11:35",
            "groups": [
                {
                    "name": "Физика",
                    "room": 218,
                    "type": "Лабораторная"
                },
                {
                    "name": "История",
                    "room": 228,
                    "type": "Семинар"
                }
            ]
        }, {
            "start": "12:30",
            "end": "14:10",
            "groups": [
                {
                    "name": "История",
                    "room": 228,
                    "type": "Семинар"
                },
                {
                    "name": "Физика",
                    "room": 218,
                    "type": "Лабораторная"
                }
            ]
        }, {
            "start": "14:25",
            "end": "16:05",
            "groups": [
                {
                    "name": "Окно",
                    "room": null
                },
                {
                    "name": "Окно",
                    "room": null
                }
            ]
        }, {
            "start": "16:20",
            "end": "18:00",
            "groups": [
                {
                    "name": "Физкультура"
                },
                {
                    "name": "Физкультура"
                }
            ]
        }
    ],[
        {
            "start": "8:00",
            "end": "9:40",
            "groups": [
                {
                    "name": "Философия",
                    "room": 310
                }, {
                    "name": "Философия",
                    "room": 310
                }
            ]
        }, {
            "start": "9:55",
            "end": "11:35",
            "groups": [
                {
                    "name": "Английский",
                    "room": 226
                },
                {
                    "name": "Высшая математика",
                    "room": 320,
                    "type": "Лабораторная"
                }
            ]
        }, {
            "start": "12:30",
            "end": "16:05",
            "groups": [
                {
                    "name": "2 окн+а"
                },
                {
                    "name": "2 окн+а"
                }
            ]
        }, {
            "start": "16:20",
            "end": "18:00",
            "groups": [
                {
                    "name": "Физкультура"
                },
                {
                    "name": "Физкультура"
                }
            ]
        }
    ],[
        {
            "start": "8:00",
            "end": "9:40",
            "groups": [
                {
                    "name": "Дискретная математика",
                    "room": 310
                },
                {
                    "name": "Дискретная математика",
                    "room": 310
                }
            ]
        },{
            "start": "9:55",
            "end": "11:35",
            "groups": [
                {
                    "name": "Ассемблер",
                    "room": 109
                },
                {
                    "name": "Английский",
                    "room": 226
                }
            ]
        },{
            "start": "12:30",
            "end": "14:10",
            "groups": [
                {
                    "name": "Ассемблер",
                    "room": 109
                },
                {
                    "name": "Коммуникации",
                    "room": 310
                }
            ]
        },{
            "start": "14:25",
            "end": "16:05",
            "groups": [
                {
                    "name": "История России",
                    "room": 310
                },
                {
                    "name": "История России",
                    "room": 310
                }
            ]
        }
    ],[
        {
            "start": "9:55",
            "end": "11:35",
            "groups": [
                {
                    "name": "Естествознание",
                    "room": 318,
                    "type": "Семинар"
                },
                {
                    "name": "Дискретная математика",
                    "room": 320,
                    "type": "Лабораторная"
                }
            ]
        },{
            "start": "11:45",
            "end": "13:25",
            "groups": [
                {
                    "name": "Дискретная математика",
                    "room": 320,
                    "type": "Лабораторная"
                },
                {
                    "name": "Естествознание",
                    "room": 318,
                    "type": "Семинар"
                }
            ]
        }
    ],[]
]